Method,Mesh,CD-J2J,CD-J2B,CD-B2B,IoU,Precision,Recall,ED,VCE,Runtime_s
Ours,char1,2.5258,1.7178,1.5499,86.67,92.86,92.86,0,0.1669,4.68
Ours,char10,2.2571,1.6018,1.4333,100.0,100.0,100.0,0,0.1689,3.2
Ours,char11,2.9361,2.2512,2.0405,86.67,92.86,92.86,0,0.1407,2.51
Ours,char12,2.0229,1.2757,1.127,100.0,100.0,100.0,0,0.2086,2.69
Ours,char13,2.1638,1.5466,1.432,100.0,100.0,100.0,0,0.2485,3.14
Ours,char15,2.2101,1.2811,1.1206,100.0,100.0,100.0,0,0.3069,3.22
Ours,char16,2.2717,1.3558,1.1579,100.0,100.0,100.0,0,0.2632,2.81
Ours,char17,2.7451,2.109,2.0539,100.0,100.0,100.0,0,0.1908,2.03
Ours,char18,2.1797,1.3004,1.1397,100.0,100.0,100.0,0,0.2347,2.84
Ours,char19,1.9891,1.2086,1.0453,100.0,100.0,100.0,0,0.1923,1.98
Ours,char2,1.6863,0.825,0.7936,100.0,100.0,100.0,0,0.1471,3.14
Ours,char20,1.7174,0.9833,0.8609,100.0,100.0,100.0,0,0.2695,4.14
Ours,char21,2.2418,1.3469,1.1693,100.0,100.0,100.0,0,0.1918,6.98
Ours,char22,2.255,1.5185,1.3649,100.0,100.0,100.0,0,0.2414,6.71
Ours,char23,2.3417,1.5008,1.354,100.0,100.0,100.0,0,0.1904,6.12
Ours,char25,2.5366,1.4302,1.2106,100.0,100.0,100.0,0,0.14,4.17
Ours,char26,2.13,1.4029,1.2729,100.0,100.0,100.0,0,0.1608,5.46
Ours,char27,2.3692,1.5824,1.4541,100.0,100.0,100.0,0,0.2092,5.94
Ours,char28,2.7304,1.7975,1.4581,100.0,100.0,100.0,0,0.2046,6.09
Ours,char29,3.5619,2.6503,2.4134,64.71,78.57,78.57,0,0.3212,5.4
Ours,char3,2.0586,1.3299,1.1744,100.0,100.0,100.0,0,0.1658,6.55
Ours,char30,2.1571,1.2622,1.1164,100.0,100.0,100.0,0,0.2077,5.9
Ours,char31,2.6735,1.7639,1.4937,100.0,100.0,100.0,0,0.1538,6.04
Ours,char32,2.6899,1.8248,1.4902,75.0,85.71,85.71,0,0.2043,4.99
Ours,char33,3.4966,2.2745,1.9963,86.67,92.86,92.86,0,0.1846,5.53
Ours,char34,2.285,1.2601,1.1299,100.0,100.0,100.0,0,0.1426,3.23
Ours,char35,2.5432,1.5991,1.3923,100.0,100.0,100.0,0,0.2117,5.36
Ours,char36,2.6295,1.9366,1.5502,100.0,100.0,100.0,0,0.1149,7.85
Ours,char37,2.4594,1.7139,1.3576,100.0,100.0,100.0,0,0.1935,5.4
Ours,char38,2.1693,1.5032,1.2709,100.0,100.0,100.0,0,0.244,6.19
Ours,char4,2.3216,1.3498,1.0592,100.0,100.0,100.0,0,0.1761,5.98
Ours,char40,1.7544,1.0437,0.9269,100.0,100.0,100.0,0,0.2154,6.05
Ours,char42,1.9592,1.3337,1.1854,100.0,100.0,100.0,0,0.2939,6.98
Ours,char43,2.225,1.1727,0.974,100.0,100.0,100.0,0,0.1916,5.15
Ours,char44,1.9074,1.3035,1.1709,100.0,100.0,100.0,0,0.2145,6.49
Ours,char45,2.4041,1.0766,0.8526,86.67,92.86,92.86,0,0.2847,6.65
Ours,char46,2.0477,0.7984,0.7078,100.0,100.0,100.0,0,0.2503,5.89
Ours,char49,2.0272,1.2663,1.2668,100.0,100.0,100.0,0,0.4108,6.2
Ours,char5,2.2341,1.4724,1.3188,100.0,100.0,100.0,0,0.1922,4.56
Ours,char50,2.7972,1.5315,1.1891,75.0,85.71,85.71,0,0.3455,7.09
Ours,char55,2.9801,1.9794,1.9813,75.0,85.71,85.71,0,0.1588,7.0
Ours,char56,2.5682,1.2996,1.0175,75.0,85.71,85.71,0,0.1702,5.17
Ours,char58,2.6728,1.3519,1.2076,100.0,100.0,100.0,0,0.2044,5.46
Ours,char59,2.2806,1.4125,1.281,100.0,100.0,100.0,0,0.1874,7.02
Ours,char6,2.0886,1.4913,1.3224,100.0,100.0,100.0,0,0.1889,7.49
Ours,char61,2.1334,1.156,0.9804,100.0,100.0,100.0,0,0.3473,5.74
Ours,char62,2.308,0.9501,0.7922,100.0,100.0,100.0,0,0.1695,8.27
Ours,char63,2.2818,1.2001,1.0028,100.0,100.0,100.0,0,0.141,26.3
Ours,char64,2.1154,1.058,0.8893,100.0,100.0,100.0,0,0.2305,6.42
Ours,char66,3.0539,2.2498,1.8135,100.0,100.0,100.0,0,0.2143,6.33
Ours,char67,2.111,1.3096,1.1888,100.0,100.0,100.0,0,0.1853,6.4
Ours,char68,3.0553,2.2075,1.7326,75.0,85.71,85.71,0,0.2122,7.14
Ours,char69,2.1313,1.1492,1.049,100.0,100.0,100.0,0,0.2311,6.38
Ours,char7,2.747,1.8731,1.6424,100.0,100.0,100.0,0,0.1708,5.51
Ours,char71,2.3786,1.3887,1.2295,100.0,100.0,100.0,0,0.1747,4.34
Ours,char72,2.9634,1.8711,1.7081,64.71,78.57,78.57,0,0.3547,5.1
Ours,char73,1.8422,1.0157,0.8484,100.0,100.0,100.0,0,0.1358,6.34
Ours,char75,2.1296,1.2953,1.2438,100.0,100.0,100.0,0,0.2361,6.89
Ours,char76,2.7813,1.8018,1.6423,75.0,85.71,85.71,0,0.2937,6.29
Ours,char78,1.8221,0.9151,0.8813,100.0,100.0,100.0,0,0.1264,26.02
Ours,char79,1.8857,0.8638,0.6305,100.0,100.0,100.0,0,0.2127,5.02
Ours,char81,2.3415,1.4833,1.4317,100.0,100.0,100.0,0,0.1741,5.15
Ours,char82,2.1213,1.3399,1.2255,100.0,100.0,100.0,0,0.145,5.66
Ours,char83,4.3698,3.1101,2.4106,64.71,78.57,78.57,0,0.2212,5.81
Ours,char84,2.4493,1.4545,1.2856,100.0,100.0,100.0,0,0.2067,10.39
Ours,char87,2.4033,1.1885,0.958,100.0,100.0,100.0,0,0.1429,4.78
Ours,char88,1.9005,0.9558,0.8843,86.67,92.86,92.86,0,0.146,5.23
Ours,char89,2.0575,0.9948,0.8754,100.0,100.0,100.0,0,0.3064,5.74
Ours,char9,2.0863,1.4723,1.3668,100.0,100.0,100.0,0,0.2281,4.93
Ours,char90,1.772,1.0927,1.066,100.0,100.0,100.0,0,0.1707,4.85
Ours,char91,1.9985,1.0993,1.0304,100.0,100.0,100.0,0,0.1147,7.44
Ours,char92,1.6473,1.023,1.0474,100.0,100.0,100.0,0,0.1372,6.55
